Workbook

Sheet RESUMEN GENERAL LG
C1: STOCK EQUIPOS LG - CONSOLIDADO | I1: 45944
A2: CODIGO | B2: MODELO | C2: DESCRIPCION | D2: SERIE | E2: CAPACIDAD | F2: STOCK | G2: SISTEMA | H2: UBICACIÓN | I2: INGRESO | J2: COSTO ACTUAL | K2: COSTO COMPASS | L2: VARLOR OFERTA
F3: 1
A4: SECAD0RA GIANT C MAX 10.2 KG
A5: I22441 | B5: GIANT C MAX - OPL | C5: SECADORA C GAS LG C/SIS OPL,MOD:GIANT-C MAX,CAP:10.2KG 220/60/1PH | D5: 303KWMK87579 | E5: 10.2 KG | F5: 1 | G5: CDG27MSCPS | H5: PLANTA | I5: 45047 | J5: 1180.452 | K5: =+(L5-J5)/2+J5 -> 1635.226 | L5: 2090
A6: I22443 | B6: GIANT C MAX - OPL | C6: SECADORA C GAS LG C/SIS OPL,MOD:GIANT-C MAX,CAP:10.2KG 220/60/1PH | D6: 303KWS887574 | E6: 10.2 KG | F6: 1 | G6: CDG27MSCPS | H6: PLANTA | I6: 45047 | J6: 1180.452 | K6: =+(L6-J6)/2+J6 -> 1635.226 | L6: 2090
A7: I22992 | B7: GIANT C MAX - OPL | C7: SECADORA C GAS LG C/SIS OPL,MOD:GIANT-C MAX,CAP:10.2KG 220/60/1PH | D7: 501KWLR2B920 | E7: 10.2 KG | F7: 1 | G7: CDG27MSCPS | H7: PLANTA | I7: 45748 | J7: 1180.452 | K7: =+(L7-J7)/2+J7 -> 1635.226 | L7: 2090
A8: I22993 | B8: GIANT C MAX - OPL | C8: SECADORA C GAS LG C/SIS OPL,MOD:GIANT-C MAX,CAP:10.2KG 220/60/1PH | D8: 501KWTA2B921 | E8: 10.2 KG | F8: 1 | G8: CDG27MSCPS | H8: PLANTA | I8: 45748 | J8: 1180.452 | K8: =+(L8-J8)/2+J8 -> 1635.226 | L8: 2090
A9: I22994 | B9: GIANT C MAX - OPL | C9: SECADORA C GAS LG C/SIS OPL,MOD:GIANT-C MAX,CAP:10.2KG 220/60/1PH | D9: 501KWDJ2B922 | E9: 10.2 KG | F9: 1 | G9: CDG27MSCPS | H9: PLANTA | I9: 45748 | J9: 1180.452 | K9: =+(L9-J9)/2+J9 -> 1635.226 | L9: 2090
A10: I22995 | B10: GIANT C MAX - OPL | C10: SECADORA C GAS LG C/SIS OPL,MOD:GIANT-C MAX,CAP:10.2KG 220/60/1PH | D10: 501KWMK2B923 | E10: 10.2 KG | F10: 1 | G10: CDG27MSCPS | H10: PLANTA | I10: 45748 | J10: 1180.452 | K10: =+(L10-J10)/2+J10 -> 1635.226 | L10: 2090
A11: I22996 | B11: GIANT C MAX - OPL | C11: SECADORA C GAS LG C/SIS OPL,MOD:GIANT-C MAX,CAP:10.2KG 220/60/1PH | D11: 501KWEL2B924 | E11: 10.2 KG | F11: 1 | G11: CDG27MSCPS | H11: PLANTA | I11: 45748 | J11: 1180.452 | K11: =+(L11-J11)/2+J11 -> 1635.226 | L11: 2090
A12: I22997 | B12: GIANT C MAX - OPL | C12: SECADORA C GAS LG C/SIS OPL,MOD:GIANT-C MAX,CAP:10.2KG 220/60/1PH | D12: 501KWKS2B925 | E12: 10.2 KG | F12: 1 | G12: CDG27MSCPS | H12: PLANTA | I12: 45748 | J12: 1180.452 | K12: =+(L12-J12)/2+J12 -> 1635.226 | L12: 2090
A13: I22998 | B13: GIANT C MAX - OPL | C13: SECADORA C GAS LG C/SIS OPL,MOD:GIANT-C MAX,CAP:10.2KG 220/60/1PH | D13: 501KWUC2B926 | E13: 10.2 KG | F13: 1 | G13: CDG27MSCPS | H13: PLANTA | I13: 45748 | J13: 1180.452 | K13: =+(L13-J13)/2+J13 -> 1635.226 | L13: 2090
A14: I22999 | B14: GIANT C MAX - OPL | C14: SECADORA C GAS LG C/SIS OPL,MOD:GIANT-C MAX,CAP:10.2KG 220/60/1PH | D14: 501KWNM2B927 | E14: 10.2 KG | F14: 1 | G14: CDG27MSCPS | H14: PLANTA | I14: 45748 | J14: 1180.452 | K14: =+(L14-J14)/2+J14 -> 1635.226 | L14: 2090
A15: I23000 | B15: GIANT C MAX - OPL | C15: SECADORA C GAS LG C/SIS OPL,MOD:GIANT-C MAX,CAP:10.2KG 220/60/1PH | D15: 501KWAT2B928 | E15: 10.2 KG | F15: 1 | G15: CDG27MSCPS | H15: PLANTA | I15: 45748 | J15: 1180.452 | K15: =+(L15-J15)/2+J15 -> 1635.226 | L15: 2090
A16: I23001 | B16: GIANT C MAX - OPL | C16: SECADORA C GAS LG C/SIS OPL,MOD:GIANT-C MAX,CAP:10.2KG 220/60/1PH | D16: 501KWWZ2B929 | E16: 10.2 KG | F16: 1 | G16: CDG27MSCPS | H16: PLANTA | I16: 45748 | J16: 1180.452 | K16: =+(L16-J16)/2+J16 -> 1635.226 | L16: 2090
... A21: I23006 | B21: GIANT C MAX - OPL | C21: SECADORA C GAS LG C/SIS OPL,MOD:GIANT-C MAX,CAP:10.2KG 220/60/1PH | D21: 501KWRE2B934 | E21: 10.2 KG | F21: 1 | G21: CDG27MSCPS | H21: PLANTA | I21: 45748 | J21: 1180.452 | K21: =+(L21-J21)/2+J21 -> 1635.226 | L21: 2090
F22: =SUM(F5:F21) -> 17
A23: SECAD0RA GIANT C MAX APILABLE 10.2 KG
A24: I22118 | B24: GIANT C MAX - APILABLE | C24: SECADORA C GAS LG C/SIS OPL,MOD:GIANT-C MAX APIL,CAP:10.2KG 220/60/1PH | D24: 207KWMK04275 | E24: 10.2 KG | F24: 1 | G24: CDG27MUCPS | H24: PLANTA | I24: 45047 | J24: 1180.452 | K24: =+(L24-J24)/2+J24 -> 1635.226 | L24: 2090
A25: I22450 | B25: GIANT C MAX - APILABLE | C25: SECADORA C GAS LG C/SIS OPL,MOD:GIANT-C MAX APIL,CAP:10.2KG 220/60/1PH | D25: 303KWDJ87698 | E25: 10.2 KG | F25: 1 | G25: CDG27MUCPS | H25: EXHIBICION | I25: 45047 | J25: 1180.452 | K25: =+(L25-J25)/2+J25 -> 1635.226 | L25: 2090
A26: I22452 | B26: GIANT C MAX - APILABLE | C26: SECADORA C GAS LG C/SIS OPL,MOD:GIANT-C MAX APIL,CAP:10.2KG 220/60/1PH | D26: 303KWFN87683 | E26: 10.2 KG | F26: 1 | G26: CDG27MUCPS | H26: PLANTA | I26: 45047 | J26: 1180.452 | K26: =+(L26-J26)/2+J26 -> 1635.226 | L26: 2090
A27: I22456 | B27: GIANT C MAX - APILABLE | C27: SECADORA C GAS LG C/SIS OPL,MOD:GIANT-C MAX APIL,CAP:10.2KG 220/60/1PH | D27: 303KWLR87696 | E27: 10.2 KG | F27: 1 | G27: CDG27MUCPS | H27: EXHIBICION | I27: 45047 | J27: 1180.452 | K27: =+(L27-J27)/2+J27 -> 1635.226 | L27: 2090
A28: I22462 | B28: GIANT C MAX - APILABLE | C28: SECADORA C GAS LG C/SIS OPL,MOD:GIANT-C MAX APIL,CAP:10.2KG 220/60/1PH | D28: 303KWSB87694 | E28: 10.2 KG | F28: 1 | G28: CDG27MUCPS | H28: PLANTA | I28: 45047 | J28: 1180.452 | K28: =+(L28-J28)/2+J28 -> 1635.226 | L28: 2090
A29: I22467 | B29: GIANT C MAX - APILABLE | C29: SECADORA C GAS LG C/SIS OPL,MOD:GIANT-C MAX APIL,CAP:10.2KG 220/60/1PH | D29: 303KWXD87682 | E29: 10.2 KG | F29: 1 | G29: CDG27MUCPS | H29: PLANTA | I29: 45047 | J29: 1180.452 | K29: =+(L29-J29)/2+J29 -> 1635.226 | L29: 2090
A30: I22470 | B30: GIANT C MAX - APILABLE | C30: SECADORA C GAS LG C/SIS OPL,MOD:GIANT-C MAX APIL,CAP:10.2KG 220/60/1PH | D30: 303KWHX87689 | E30: 10.2 KG | F30: 1 | G30: CDG27MUCPS | H30: PLANTA | I30: 45047 | J30: 1180.452 | K30: =+(L30-J30)/2+J30 -> 1635.226 | L30: 2090
A31: I22531 | B31: GIANT C MAX - APILABLE | C31: SECADORA C GAS LG C/SIS OPL,MOD:GIANT-C MAX APIL,CAP:10.2KG 220/60/1PH | D31: 304KWGG0V223 | E31: 10.2 KG | F31: 1 | G31: CDG27MUCPS | H31: PLANTA | I31: 45078 | J31: 1180.452 | K31: =+(L31-J31)/2+J31 -> 1635.226 | L31: 2090
A32: I22532 | B32: GIANT C MAX - APILABLE | C32: SECADORA C GAS LG C/SIS OPL,MOD:GIANT-C MAX APIL,CAP:10.2KG 220/60/1PH | D32: 304KWHX0V217 | E32: 10.2 KG | F32: 1 | G32: CDG27MUCPS | H32: PLANTA | I32: 45078 | J32: 1180.452 | K32: =+(L32-J32)/2+J32 -> 1635.226 | L32: 2090
A33: I22533 | B33: GIANT C MAX - APILABLE | C33: SECADORA C GAS LG C/SIS OPL,MOD:GIANT-C MAX APIL,CAP:10.2KG 220/60/1PH | D33: 304KWLR0V200 | E33: 10.2 KG | F33: 1 | G33: CDG27MUCPS | H33: PLANTA | I33: 45078 | J33: 1180.452 | K33: =+(L33-J33)/2+J33 -> 1635.226 | L33: 2090
A34: I22534 | B34: GIANT C MAX - APILABLE | C34: SECADORA C GAS LG C/SIS OPL,MOD:GIANT-C MAX APIL,CAP:10.2KG 220/60/1PH | D34: 304KWLR0V224 | E34: 10.2 KG | F34: 1 | G34: CDG27MUCPS | H34: PLANTA | I34: 45078 | J34: 1180.452 | K34: =+(L34-J34)/2+J34 -> 1635.226 | L34: 2090
A35: I22535 | B35: GIANT C MAX - APILABLE | C35: SECADORA C GAS LG C/SIS OPL,MOD:GIANT-C MAX APIL,CAP:10.2KG 220/60/1PH | D35: 304KWMK0V203 | E35: 10.2 KG | F35: 1 | G35: CDG27MUCPS | H35: PLANTA | I35: 45078 | J35: 1180.452 | K35: =+(L35-J35)/2+J35 -> 1635.226 | L35: 2090
... A61: I22620 | B61: GIANT C MAX - APILABLE | C61: SECADORA C GAS LG C/SIS OPL,MOD:GIANT-C MAX APIL,CAP:10.2KG 220/60/1PH | D61: 304KWZH0V221 | E61: 10.2 KG | F61: 1 | G61: CDG27MUCPS | H61: PLANTA | I61: 45261 | J61: 1180.452 | K61: =+(L61-J61)/2+J61 -> 1635.226 | L61: 2090
F62: =SUM(F24:F61) -> 38
A63: SECADORA TITAN LIGHT 15 KG
A64: I22624 | B64: TITAN LIGHT - OPL | C64: SECADORA C. GAS LG C/S OPL, MOD. TITAN LIGTH CAP.15KG,220V/60HZ/1PH | D64: 302KWGG7Z471 | E64: 15 KG | F64: 1 | G64: CDT29MSCPS | H64: PLANTA | I64: 45261 | J64: 1461 | K64: =+(L64-J64)/2+J64 -> 2225.5 | L64: 2990
A65: I22800 | B65: TITAN LIGHT - OPL | C65: SECADORA C. GAS LG C/S OPL, MOD. TITAN LIGTH CAP. 15KG, 220V/60HZ/1PH | D65: 405KWATPG288 | E65: 15 KG | F65: 1 | G65: CDT29MSCPS | H65: PLANTA | I65: 45474 | J65: 1461 | K65: =+(L65-J65)/2+J65 -> 2225.5 | L65: 2990
A66: I22801 | B66: TITAN LIGHT - OPL | C66: SECADORA C. GAS LG C/S OPL, MOD. TITAN LIGTH CAP. 15KG, 220V/60HZ/1PH | D66: 405KWBYPG293 | E66: 15 KG | F66: 1 | G66: CDT29MSCPS | H66: PLANTA | I66: 45474 | J66: 1461 | K66: =+(L66-J66)/2+J66 -> 2225.5 | L66: 2990
A67: I22806 | B67: TITAN LIGHT - OPL | C67: SECADORA C. GAS LG C/S OPL, MOD. TITAN LIGTH CAP. 15KG, 220V/60HZ/1PH | D67: 405KWREPG294 | E67: 15 KG | F67: 1 | G67: CDT29MSCPS | H67: PLANTA | I67: 45474 | J67: 1461 | K67: =+(L67-J67)/2+J67 -> 2225.5 | L67: 2990
A68: I22808 | B68: TITAN LIGHT - OPL | C68: SECADORA C. GAS LG C/S OPL, MOD. TITAN LIGTH CAP. 15KG, 220V/60HZ/1PH | D68: 405KWWZPG289 | E68: 15 KG | F68: 1 | G68: CDT29MSCPS | H68: PLANTA | I68: 45474 | J68: 1461 | K68: =+(L68-J68)/2+J68 -> 2225.5 | L68: 2990
A69: I22842 | B69: TITAN LIGHT - OPL | C69: SECADORA C. GAS LG C/S OPL, MOD. TITAN LIGTH CAP. 15KG, 220V/60HZ/1PH | D69: 408KWJU30060 | E69: 15 KG | F69: 1 | G69: CDT29MSCPS | H69: PLANTA | I69: 45566 | J69: 1461 | K69: =+(L69-J69)/2+J69 -> 2225.5 | L69: 2990
A70: I22843 | B70: TITAN LIGHT - OPL | C70: SECADORA C. GAS LG C/S OPL, MOD. TITAN LIGTH CAP. 15KG, 220V/60HZ/1PH | D70: 408KWWZ30057 | E70: 15 KG | F70: 1 | G70: CDT29MSCPS | H70: PLANTA | I70: 45566 | J70: 1461 | K70: =+(L70-J70)/2+J70 -> 2225.5 | L70: 2990
A71: I22844 | B71: TITAN LIGHT - OPL | C71: SECADORA C. GAS LG C/S OPL, MOD. TITAN LIGTH CAP. 15KG, 220V/60HZ/1PH | D71: 408KWXD30058 | E71: 15 KG | F71: 1 | G71: CDT29MSCPS | H71: PLANTA | I71: 45566 | J71: 1461 | K71: =+(L71-J71)/2+J71 -> 2225.5 | L71: 2990
F72: =SUM(F64:F71) -> 8
A73: SECADORA TITAN LIGHT APILABLE 15 KG
A74: I22845 | B74: TITAN LIGHT - APILABLE | C74: SECADORA C GAS LG C/S OPL,MOD.TITAN LIGHT APIL CAP15 KG,220/60/1PH | D74: 408KWAT2Z952 | E74: 15 KG | F74: 1 | G74: CDT29MUCPS | H74: EXHIBICION | I74: 45566 | J74: 1461 | K74: =+(L74-J74)/2+J74 -> 2225.5 | L74: 2990
A75: I22853 | B75: TITAN LIGHT - APILABLE | C75: SECADORA C GAS LG C/S OPL,MOD.TITAN LIGHT APIL CAP15 KG,220/60/1PH | D75: 408KWJU2Z956 | E75: 15 KG | F75: 1 | G75: CDT29MUCPS | H75: PLANTA | I75: 45566 | J75: 1461 | K75: =+(L75-J75)/2+J75 -> 2225.5 | L75: 2990
A76: I22855 | B76: TITAN LIGHT - APILABLE | C76: SECADORA C GAS LG C/S OPL,MOD.TITAN LIGHT APIL CAP15 KG,220/60/1PH | D76: 408KWMK2Z947 | E76: 15 KG | F76: 1 | G76: CDT29MUCPS | H76: PLANTA | I76: 45566 | J76: 1461 | K76: =+(L76-J76)/2+J76 -> 2225.5 | L76: 2990
A77: I22856 | B77: TITAN LIGHT - APILABLE | C77: SECADORA C GAS LG C/S OPL,MOD.TITAN LIGHT APIL CAP15 KG,220/60/1PH | D77: 408KWRE2Z958 | E77: 15 KG | F77: 1 | G77: CDT29MUCPS | H77: PLANTA | I77: 45566 | J77: 1461 | K77: =+(L77-J77)/2+J77 -> 2225.5 | L77: 2990
A78: I22857 | B78: TITAN LIGHT - APILABLE | C78: SECADORA C GAS LG C/S OPL,MOD.TITAN LIGHT APIL CAP15 KG,220/60/1PH | D78: 408KWTA2Z945 | E78: 15 KG | F78: 1 | G78: CDT29MUCPS | H78: PLANTA | I78: 45566 | J78: 1461 | K78: =+(L78-J78)/2+J78 -> 2225.5 | L78: 2990
A79: I22858 | B79: TITAN LIGHT - APILABLE | C79: SECADORA C GAS LG C/S OPL,MOD.TITAN LIGHT APIL CAP15 KG,220/60/1PH | D79: 408KWUC2Z950 | E79: 15 KG | F79: 1 | G79: CDT29MUCPS | H79: PLANTA | I79: 45566 | J79: 1461 | K79: =+(L79-J79)/2+J79 -> 2225.5 | L79: 2990
A80: I22859 | B80: TITAN LIGHT - APILABLE | C80: SECADORA C GAS LG C/S OPL,MOD.TITAN LIGHT APIL CAP15 KG,220/60/1PH | D80: 408KWYP2Z962 | E80: 15 KG | F80: 1 | G80: CDT29MUCPS | H80: PLANTA | I80: 45566 | J80: 1461 | K80: =+(L80-J80)/2+J80 -> 2225.5 | L80: 2990
A81: I22972 | B81: TITAN LIGHT APILABLE | C81: SECADORA C GAS LG C/S OPL,MOD.TITAN LIGHT APIL CAP15 KG,220/60/1PH | D81: 501KWPV6J136 | E81: 15 KG | F81: 1 | G81: CDT29MUCPS | H81: PLANTA | I81: 45748 | J81: 1461 | K81: =+(L81-J81)/2+J81 -> 2225.5 | L81: 2990
A82: I22973 | B82: TITAN LIGHT APILABLE | C82: SECADORA C GAS LG C/S OPL,MOD.TITAN LIGHT APIL CAP15 KG,220/60/1PH | D82: 501KWZH6J141 | E82: 15 KG | F82: 1 | G82: CDT29MUCPS | H82: PLANTA | I82: 45748 | J82: 1461 | K82: =+(L82-J82)/2+J82 -> 2225.5 | L82: 2990
A83: I22974 | B83: TITAN LIGHT APILABLE | C83: SECADORA C GAS LG C/S OPL,MOD.TITAN LIGHT APIL CAP15 KG,220/60/1PH | D83: 501KWSB6J142 | E83: 15 KG | F83: 1 | G83: CDT29MUCPS | H83: PLANTA | I83: 45748 | J83: 1461 | K83: =+(L83-J83)/2+J83 -> 2225.5 | L83: 2990
A84: I22975 | B84: TITAN LIGHT APILABLE | C84: SECADORA C GAS LG C/S OPL,MOD.TITAN LIGHT APIL CAP15 KG,220/60/1PH | D84: 501KWLR6J144 | E84: 15 KG | F84: 1 | G84: CDT29MUCPS | H84: PLANTA | I84: 45748 | J84: 1461 | K84: =+(L84-J84)/2+J84 -> 2225.5 | L84: 2990
A85: I22976 | B85: TITAN LIGHT APILABLE | C85: SECADORA C GAS LG C/S OPL,MOD.TITAN LIGHT APIL CAP15 KG,220/60/1PH | D85: 501KWTA6J145 | E85: 15 KG | F85: 1 | G85: CDT29MUCPS | H85: PLANTA | I85: 45748 | J85: 1461 | K85: =+(L85-J85)/2+J85 -> 2225.5 | L85: 2990
... A90: I22981 | B90: TITAN LIGHT APILABLE | C90: SECADORA C GAS LG C/S OPL,MOD.TITAN LIGHT APIL CAP15 KG,220/60/1PH | D90: 501KWAT6J416 | E90: 15 KG | F90: 1 | G90: CDT29MUCPS | H90: PLANTA | I90: 45748 | J90: 1461 | K90: =+(L90-J90)/2+J90 -> 2225.5 | L90: 2990
A91: I25088 | B91: TITAN LIGHT | C91: SECADORA C GAS LG C/S OPL,MOD.TITAN LIGHT APIL CAP15 KG,220/60/1PH,COD:CDT29MUCPS | D91: 507KWAT22712 | E91: 15 KG | F91: 1 | G91: CDT29MUCPS | H91: PLANTA | I91: 45898 | J91: 1461 | K91: =+(L91-J91)/2+J91 -> 2225.5 | L91: 2990 | M91: OPEN INVESTMENTS
A92: I25089 | B92: TITAN LIGHT | C92: SECADORA C GAS LG C/S OPL,MOD.TITAN LIGHT APIL CAP15 KG,220/60/1PH,COD:CDT29MUCPS | D92: 507KWBY22717 | E92: 15 KG | F92: 1 | G92: CDT29MUCPS | H92: PLANTA | I92: 45898 | J92: 1461 | K92: =+(L92-J92)/2+J92 -> 2225.5 | L92: 2990
A93: I25090 | B93: TITAN LIGHT | C93: SECADORA C GAS LG C/S OPL,MOD.TITAN LIGHT APIL CAP15 KG,220/60/1PH,COD:CDT29MUCPS | D93: 507KWEL22708 | E93: 15 KG | F93: 1 | G93: CDT29MUCPS | H93: PLANTA | I93: 45898 | J93: 1461 | K93: =+(L93-J93)/2+J93 -> 2225.5 | L93: 2990
A94: I25091 | B94: TITAN LIGHT | C94: SECADORA C GAS LG C/S OPL,MOD.TITAN LIGHT APIL CAP15 KG,220/60/1PH,COD:CDT29MUCPS | D94: 507KWFN22715 | E94: 15 KG | F94: 1 | G94: CDT29MUCPS | H94: PLANTA | I94: 45898 | J94: 1461 | K94: =+(L94-J94)/2+J94 -> 2225.5 | L94: 2990
A95: I25092 | B95: TITAN LIGHT | C95: SECADORA C GAS LG C/S OPL,MOD.TITAN LIGHT APIL CAP15 KG,220/60/1PH,COD:CDT29MUCPS | D95: 507KWJU22716 | E95: 15 KG | F95: 1 | G95: CDT29MUCPS | H95: PLANTA | I95: 45898 | J95: 1461 | K95: =+(L95-J95)/2+J95 -> 2225.5 | L95: 2990
A96: I25093 | B96: TITAN LIGHT | C96: SECADORA C GAS LG C/S OPL,MOD.TITAN LIGHT APIL CAP15 KG,220/60/1PH,COD:CDT29MUCPS | D96: 507KWKS22709 | E96: 15 KG | F96: 1 | G96: CDT29MUCPS | H96: PLANTA | I96: 45898 | J96: 1461 | K96: =+(L96-J96)/2+J96 -> 2225.5 | L96: 2990
A97: I25094 | B97: TITAN LIGHT | C97: SECADORA C GAS LG C/S OPL,MOD.TITAN LIGHT APIL CAP15 KG,220/60/1PH,COD:CDT29MUCPS | D97: 507KWNM22711 | E97: 15 KG | F97: 1 | G97: CDT29MUCPS | H97: PLANTA | I97: 45898 | J97: 1461 | K97: =+(L97-J97)/2+J97 -> 2225.5 | L97: 2990
A98: I25095 | B98: TITAN LIGHT | C98: SECADORA C GAS LG C/S OPL,MOD.TITAN LIGHT APIL CAP15 KG,220/60/1PH,COD:CDT29MUCPS | D98: 507KWUC22710 | E98: 15 KG | F98: 1 | G98: CDT29MUCPS | H98: PLANTA | I98: 45898 | J98: 1461 | K98: =+(L98-J98)/2+J98 -> 2225.5 | L98: 2990
A99: I25096 | B99: TITAN LIGHT | C99: SECADORA C GAS LG C/S OPL,MOD.TITAN LIGHT APIL CAP15 KG,220/60/1PH,COD:CDT29MUCPS | D99: 507KWWZ22713 | E99: 15 KG | F99: 1 | G99: CDT29MUCPS | H99: PLANTA | I99: 45898 | J99: 1461 | K99: =+(L99-J99)/2+J99 -> 2225.5 | L99: 2990
A100: I25097 | B100: TITAN LIGHT | C100: SECADORA C GAS LG C/S OPL,MOD.TITAN LIGHT APIL CAP15 KG,220/60/1PH,COD:CDT29MUCPS | D100: 507KWXD22714 | E100: 15 KG | F100: 1 | G100: CDT29MUCPS | H100: PLANTA | I100: 45898 | J100: 1461 | K100: =+(L100-J100)/2+J100 -> 2225.5 | L100: 2990
F101: =SUM(F74:F100) -> 27
A102: LAVADORA GIANT C MAX 13 KG
A103: I22793 | B103: GIANT C MAX - OPL | C103: LAVADORA C FLOT. LG C/SIS OPL,MOD.GIANT-C MAX CAP:13KG,220/60/1PH | D103: 405KWREM5278 | E103: 13 KG | F103: 1 | G103: CWG27MSCRS | H103: EXHIBICION | I103: 45474 | J103: 1511 | K103: =+(L103-J103)/2+J103 -> 1880.5 | L103: 2250
A104: I25060 | B104: GIANT-C MAX | C104: LAVADORA C FLOT. LG C/SIS OPL,MOD.GIANT-C MAX CAP:13KG,220/60/1PH,COD:CWG27MSCRS | D104: 507KWAT2A080 | E104: 13 KG | F104: 1 | G104: CWG27MSCRS | H104: PLANTA | I104: 45870 | J104: 1511 | K104: =+(L104-J104)/2+J104 -> 1880.5 | L104: 2250 | M104: OPEN INVESTMENTS
A105: I25061 | B105: GIANT-C MAX | C105: LAVADORA C FLOT. LG C/SIS OPL,MOD.GIANT-C MAX CAP:13KG,220/60/1PH,COD:CWG27MSCRS | D105: 507KWBY2A085 | E105: 13 KG | F105: 1 | G105: CWG27MSCRS | H105: PLANTA | I105: 45870 | J105: 1511 | K105: =+(L105-J105)/2+J105 -> 1880.5 | L105: 2250
A106: I25063 | B106: GIANT-C MAX | C106: LAVADORA C FLOT. LG C/SIS OPL,MOD.GIANT-C MAX CAP:13KG,220/60/1PH,COD:CWG27MSCRS | D106: 507KWCF2A091 | E106: 13 KG | F106: 1 | G106: CWG27MSCRS | H106: PLANTA | I106: 45870 | J106: 1511 | K106: =+(L106-J106)/2+J106 -> 1880.5 | L106: 2250
A107: I25064 | B107: GIANT-C MAX | C107: LAVADORA C FLOT. LG C/SIS OPL,MOD.GIANT-C MAX CAP:13KG,220/60/1PH,COD:CWG27MSCRS | D107: 507KWDJ2A074 | E107: 13 KG | F107: 1 | G107: CWG27MSCRS | H107: PLANTA | I107: 45870 | J107: 1511 | K107: =+(L107-J107)/2+J107 -> 1880.5 | L107: 2250
A108: I25065 | B108: GIANT-C MAX | C108: LAVADORA C FLOT. LG C/SIS OPL,MOD.GIANT-C MAX CAP:13KG,220/60/1PH,COD:CWG27MSCRS | D108: 507KWEL2A076 | E108: 13 KG | F108: 1 | G108: CWG27MSCRS | H108: PLANTA | I108: 45870 | J108: 1511 | K108: =+(L108-J108)/2+J108 -> 1880.5 | L108: 2250
A109: I25066 | B109: GIANT-C MAX | C109: LAVADORA C FLOT. LG C/SIS OPL,MOD.GIANT-C MAX CAP:13KG,220/60/1PH,COD:CWG27MSCRS | D109: 507KWFN2A083 | E109: 13 KG | F109: 1 | G109: CWG27MSCRS | H109: PLANTA | I109: 45870 | J109: 1511 | K109: =+(L109-J109)/2+J109 -> 1880.5 | L109: 2250
A110: I25068 | B110: GIANT-C MAX | C110: LAVADORA C FLOT. LG C/SIS OPL,MOD.GIANT-C MAX CAP:13KG,220/60/1PH,COD:CWG27MSCRS | D110: 507KWHX2A065 | E110: 13 KG | F110: 1 | G110: CWG27MSCRS | H110: PLANTA | I110: 45870 | J110: 1511 | K110: =+(L110-J110)/2+J110 -> 1880.5 | L110: 2250
A111: I25069 | B111: GIANT-C MAX | C111: LAVADORA C FLOT. LG C/SIS OPL,MOD.GIANT-C MAX CAP:13KG,220/60/1PH,COD:CWG27MSCRS | D111: 507KWHX2A089 | E111: 13 KG | F111: 1 | G111: CWG27MSCRS | H111: PLANTA | I111: 45870 | J111: 1511 | K111: =+(L111-J111)/2+J111 -> 1880.5 | L111: 2250
A112: I25070 | B112: GIANT-C MAX | C112: LAVADORA C FLOT. LG C/SIS OPL,MOD.GIANT-C MAX CAP:13KG,220/60/1PH,COD:CWG27MSCRS | D112: 507KWJU2A084 | E112: 13 KG | F112: 1 | G112: CWG27MSCRS | H112: PLANTA | I112: 45870 | J112: 1511 | K112: =+(L112-J112)/2+J112 -> 1880.5 | L112: 2250
A113: I25071 | B113: GIANT-C MAX | C113: LAVADORA C FLOT. LG C/SIS OPL,MOD.GIANT-C MAX CAP:13KG,220/60/1PH,COD:CWG27MSCRS | D113: 507KWKS2A077 | E113: 13 KG | F113: 1 | G113: CWG27MSCRS | H113: PLANTA | I113: 45870 | J113: 1511 | K113: =+(L113-J113)/2+J113 -> 1880.5 | L113: 2250
A114: I25072 | B114: GIANT-C MAX | C114: LAVADORA C FLOT. LG C/SIS OPL,MOD.GIANT-C MAX CAP:13KG,220/60/1PH,COD:CWG27MSCRS | D114: 507KWLR2A072 | E114: 13 KG | F114: 1 | G114: CWG27MSCRS | H114: PLANTA | I114: 45870 | J114: 1511 | K114: =+(L114-J114)/2+J114 -> 1880.5 | L114: 2250
A115: I25074 | B115: GIANT-C MAX | C115: LAVADORA C FLOT. LG C/SIS OPL,MOD.GIANT-C MAX CAP:13KG,220/60/1PH,COD:CWG27MSCRS | D115: 507KWNM2A079 | E115: 13 KG | F115: 1 | G115: CWG27MSCRS | H115: PLANTA | I115: 45870 | J115: 1511 | K115: =+(L115-J115)/2+J115 -> 1880.5 | L115: 2250
A116: I25076 | B116: GIANT-C MAX | C116: LAVADORA C FLOT. LG C/SIS OPL,MOD.GIANT-C MAX CAP:13KG,220/60/1PH,COD:CWG27MSCRS | D116: 507KWQW2A068 | E116: 13 KG | F116: 1 | G116: CWG27MSCRS | H116: PLANTA | I116: 45870 | J116: 1511 | K116: =+(L116-J116)/2+J116 -> 1880.5 | L116: 2250
... A125: I25086 | B125: GIANT-C MAX | C125: LAVADORA C FLOT. LG C/SIS OPL,MOD.GIANT-C MAX CAP:13KG,220/60/1PH,COD:CWG27MSCRS | D125: 507KWYP2A090 | E125: 13 KG | F125: 1 | G125: CWG27MSCRS | H125: PLANTA | I125: 45870 | J125: 1511 | K125: =+(L125-J125)/2+J125 -> 1880.5 | L125: 2250
F126: =SUM(F103:F125) -> 23
A127: LAVADORA GIANT C MAX APILABLE 13 KG
A128: I22820 | B128: GIANT C MAX - APILABLE | C128: LAVADORA C FLOT. LG C/SIS OPL,MOD.GIANT-C MAX APIL CAP:13KG,220/60/1PH | D128: 405KWATM5344 | E128: 13 KG | F128: 1 | G128: CWG27MDCRS | H128: PLANTA | I128: 45566 | J128: 1511 | K128: =+(L128-J128)/2+J128 -> 1880.5 | L128: 2250
A129: I22821 | B129: GIANT C MAX - APILABLE | C129: LAVADORA C FLOT. LG C/SIS OPL,MOD.GIANT-C MAX APIL CAP:13KG,220/60/1PH | D129: 405KWBYM5349 | E129: 13 KG | F129: 1 | G129: CWG27MDCRS | H129: PLANTA | I129: 45566 | J129: 1511 | K129: =+(L129-J129)/2+J129 -> 1880.5 | L129: 2250
A130: I22822 | B130: GIANT C MAX - APILABLE | C130: LAVADORA C FLOT. LG C/SIS OPL,MOD.GIANT-C MAX APIL CAP:13KG,220/60/1PH | D130: 405KWCFM5331 | E130: 13 KG | F130: 1 | G130: CWG27MDCRS | H130: PLANTA | I130: 45566 | J130: 1511 | K130: =+(L130-J130)/2+J130 -> 1880.5 | L130: 2250
A131: I22823 | B131: GIANT C MAX - APILABLE | C131: LAVADORA C FLOT. LG C/SIS OPL,MOD.GIANT-C MAX APIL CAP:13KG,220/60/1PH | D131: 405KWDJM5338 | E131: 13 KG | F131: 1 | G131: CWG27MDCRS | H131: PLANTA | I131: 45566 | J131: 1511 | K131: =+(L131-J131)/2+J131 -> 1880.5 | L131: 2250
A132: I22824 | B132: GIANT C MAX - APILABLE | C132: LAVADORA C FLOT. LG C/SIS OPL,MOD.GIANT-C MAX APIL CAP:13KG,220/60/1PH | D132: 405KWELM5340 | E132: 13 KG | F132: 1 | G132: CWG27MDCRS | H132: PLANTA | I132: 45566 | J132: 1511 | K132: =+(L132-J132)/2+J132 -> 1880.5 | L132: 2250
A133: I22825 | B133: GIANT C MAX - APILABLE | C133: LAVADORA C FLOT. LG C/SIS OPL,MOD.GIANT-C MAX APIL CAP:13KG,220/60/1PH | D133: 405KWFNM5347 | E133: 13 KG | F133: 1 | G133: CWG27MDCRS | H133: PLANTA | I133: 45566 | J133: 1511 | K133: =+(L133-J133)/2+J133 -> 1880.5 | L133: 2250
A134: I22827 | B134: GIANT C MAX - APILABLE | C134: LAVADORA C FLOT. LG C/SIS OPL,MOD.GIANT-C MAX APIL CAP:13KG,220/60/1PH | D134: 405KWJUM5348 | E134: 13 KG | F134: 1 | G134: CWG27MDCRS | H134: PLANTA | I134: 45566 | J134: 1511 | K134: =+(L134-J134)/2+J134 -> 1880.5 | L134: 2250
A135: I22828 | B135: GIANT C MAX - APILABLE | C135: LAVADORA C FLOT. LG C/SIS OPL,MOD.GIANT-C MAX APIL CAP:13KG,220/60/1PH | D135: 405KWKSM5341 | E135: 13 KG | F135: 1 | G135: CWG27MDCRS | H135: PLANTA | I135: 45566 | J135: 1511 | K135: =+(L135-J135)/2+J135 -> 1880.5 | L135: 2250
A136: I22829 | B136: GIANT C MAX - APILABLE | C136: LAVADORA C FLOT. LG C/SIS OPL,MOD.GIANT-C MAX APIL CAP:13KG,220/60/1PH | D136: 405KWLRM5336 | E136: 13 KG | F136: 1 | G136: CWG27MDCRS | H136: PLANTA | I136: 45566 | J136: 1511 | K136: =+(L136-J136)/2+J136 -> 1880.5 | L136: 2250
A137: I22830 | B137: GIANT C MAX - APILABLE | C137: LAVADORA C FLOT. LG C/SIS OPL,MOD.GIANT-C MAX APIL CAP:13KG,220/60/1PH | D137: 405KWMKM5339 | E137: 13 KG | F137: 1 | G137: CWG27MDCRS | H137: PLANTA | I137: 45566 | J137: 1511 | K137: =+(L137-J137)/2+J137 -> 1880.5 | L137: 2250
A138: I22831 | B138: GIANT C MAX - APILABLE | C138: LAVADORA C FLOT. LG C/SIS OPL,MOD.GIANT-C MAX APIL CAP:13KG,220/60/1PH | D138: 405KWNMM5342 | E138: 13 KG | F138: 1 | G138: CWG27MDCRS | H138: PLANTA | I138: 45566 | J138: 1511 | K138: =+(L138-J138)/2+J138 -> 1880.5 | L138: 2250
A139: I22832 | B139: GIANT C MAX - APILABLE | C139: LAVADORA C FLOT. LG C/SIS OPL,MOD.GIANT-C MAX APIL CAP:13KG,220/60/1PH | D139: 405KWQWM5332 | E139: 13 KG | F139: 1 | G139: CWG27MDCRS | H139: PLANTA | I139: 45566 | J139: 1511 | K139: =+(L139-J139)/2+J139 -> 1880.5 | L139: 2250
... A163: I22991 | B163: GIANT C MAX APILABLE | C163: LAVADORA C FLOT. LG C/SIS OPL,MOD.GIANT-C MAX APIL CAP:13KG,220/60/1PH | D163: 501KWMK7X387 | E163: 13 KG | F163: 1 | G163: CWG27MDCRS | H163: PLANTA | I163: 45748 | J163: 1511 | K163: =+(L163-J163)/2+J163 -> 1880.5 | L163: 2250
F164: =SUM(F128:F163) -> 36
...

Sheet RESUMEN LG 
G1: ='RESUMEN GENERAL LG'!I1 -> 45944
B2: STOCK DE EQUIPOS LG - CONSOLIDADO
B4: SECADORAS
B6: ITEM | C6: STOCK | D6: POR INGRESAR | E6: MARCA | F6: MODELO | G6: CAPACIDAD | H6: AÑO
B7: 2 | C7: ='RESUMEN GENERAL LG'!F3 -> 1 | D7: 0 | E7: LG | F7: TITAN C | G7: 15 KG | H7: 45047
B8: 4 | C8: ='RESUMEN GENERAL LG'!F22 -> 17 | D8: 0 | E8: LG | F8: GIANT C MAX | G8: 10.2 KG | H8: 45047
B9: 5 | C9: ='RESUMEN GENERAL LG'!F62 -> 38 | D9: 0 | E9: LG | F9: GIANT C MAX APILABLE | G9: 10.2 KG | H9: 45047
B10: 6 | C10: ='RESUMEN GENERAL LG'!F72 -> 8 | D10: 0 | E10: LG | F10: TITAN LIGHT | G10: 15 KG | H10: 45261
B11: 7 | C11: ='RESUMEN GENERAL LG'!F101 -> 27 | D11: 0 | E11: LG | F11: TITAN LIGHT APILABLE | G11: 15 KG | H11: 45566
C12: =SUM(C7:C11) -> 91 | D12: =SUM(D7:D11) -> 0
B13: LAVADORAS
B14: ITEM | C14: STOCK | D14: POR INGRESAR | E14: MARCA | F14: MODELO | G14: CAPACIDAD | H14: AÑO
B15: 1 | C15: ='RESUMEN GENERAL LG'!F126 -> 23 | D15: 0 | E15: LG | F15: GIANT C MAX | G15: 13 KG | H15: 45444
B16: 2 | C16: ='RESUMEN GENERAL LG'!F164 -> 36 | D16: 0 | E16: LG | F16: GIANT C MAX APILABLE | G16: 13 KG | H16: 45566
B17: 3 | C17: ='RESUMEN GENERAL LG'!F207 -> 41 | D17: 0 | E17: LG | F17: TITAN MAX | G17: 17 KG | H17: 45566
B18: 4 | C18: ='RESUMEN GENERAL LG'!F237 -> 28 | D18: 0 | E18: LG | F18: TITAN MAX APILABLE | G18: 17 KG | H18: 45566
C19: =SUM(C15:C18) -> 128 | D19: =SUM(D15:D18) -> 0
